nombre,usuario,contrasenia,id
e,e,e,4238871939877468680
s,s,s,4242699932771841943
a,a,a,-6150193972236684151
ma,r,t,-9120451675344070327
u,u,u,-6950839122180046628
i,i,i,-4922482105954432299
o,o,o,-815055339259743779
v,v,v,-8228659639754017267
v,v,v,-5404314616347097097
juan,a,j,-7817847524191818110
a,z,z,-2746712166074832533
q,q,ww,3335104775810638286
t,t,t,-7727074720824554098
h,h,h,8116376870155683661
de,h,g,-163926517945535933
j,j,j,-7897402189052850222
n,n,n,-9042931970557048332
l,o,p,666965127924555278
mk,k,m,3688905033345851520
w,q,w,3323385182234705818
d,d,d,-6651242746820595351
f,f,c,3309793003754099227
v,d,s,5476618134495471582
r,f,c,6621161118066308673
f,b,g,3873285261016217101
e,r,t,6848365268547116942
h,h,h,-2510220584450557193
m,n,b,-8325954202378839760
x,x,x,-8837454865095667140
q,q,q,7005656726733237480
e,fv,fv,-1650558702600592637
b,b,b,2615176481364070557
z,z,z,-5187177281145082356
p,fv,vc,4024673298903360034
w,e,w,-2050601080484997125
m,bv,v,-3794428479923230491
d,s,f,2858083296569402362
df,f,df,-4130043540751253601
lfï¿½,gf,g,-9064733200596219792
x,a,s,7327158387735061482
fdsh,f,f,-8964780090249968288
w,q,q,-1531185939656770205
j,k,k,2867860887981553541
fddf,v,x,-8186370478370867262
ds,d,z,6161319125780485036
brutal,brutal,brutal,975088915539717101
r,r,r,3567752512979420753
d,ff,f,1093003315020958996
tg,h,h,2627018816845266632
mk,mkm,mk,-995975402680704667
hk,gkf,f,577850839442658091
mn,mn,mn,2835917699225813362
mas,mas,mas,4667708759056437292
gg,gg,gg,-8733623905587326278
ew,ew,ew,2753809741593882668
